epoch,time,train/box_loss,train/cls_loss,train/dfl_loss,metrics/precision(B),metrics/recall(B),metrics/mAP50(B),metrics/mAP50-95(B),val/box_loss,val/cls_loss,val/dfl_loss,lr/pg0,lr/pg1,lr/pg2
1,1.40841,2.9472,5.50248,4.391,0,0,0,0,3.37884,5.96473,4.1588,0,0,0
2,2.08168,2.9745,5.68914,4.28246,0,0,0,0,3.37901,5.9648,4.15873,1.17822e-06,1.17822e-06,1.17822e-06
3,2.73683,3.27099,5.46481,4.25838,0,0,0,0,3.37919,5.96487,4.15863,2.33288e-06,2.33288e-06,2.33288e-06
4,3.34488,3.39348,5.54359,4.37989,0,0,0,0,3.37937,5.96504,4.15855,3.46397e-06,3.46397e-06,3.46397e-06
5,3.99029,3.66562,5.60134,4.29329,0,0,0,0,3.37954,5.96524,4.15848,4.5715e-06,4.5715e-06,4.5715e-06
6,4.64091,3.18145,5.42129,4.29419,0,0,0,0,3.3797,5.96526,4.15841,5.65548e-06,5.65548e-06,5.65548e-06
7,5.28463,3.26501,5.74726,4.27789,0,0,0,0,3.37988,5.96549,4.15834,6.71588e-06,6.71588e-06,6.71588e-06
8,5.92664,3.23547,5.4197,4.27271,0,0,0,0,3.38006,5.96564,4.15826,7.75273e-06,7.75273e-06,7.75273e-06
9,6.5879,3.21666,5.55536,4.26128,0,0,0,0,3.38023,5.96587,4.15819,8.76602e-06,8.76602e-06,8.76602e-06
10,7.32651,3.03535,5.6241,4.23461,0,0,0,0,3.38039,5.96618,4.15813,9.75574e-06,9.75574e-06,9.75574e-06
11,7.95545,2.94496,5.55201,4.23325,0,0,0,0,3.38056,5.96629,4.15806,1.07219e-05,1.07219e-05,1.07219e-05
12,8.5489,3.67844,5.55848,4.29559,0,0,0,0,3.38071,5.96641,4.158,1.16645e-05,1.16645e-05,1.16645e-05
13,9.22492,3.39512,5.402,4.28692,0,0,0,0,3.38088,5.96662,4.15792,1.25835e-05,1.25835e-05,1.25835e-05
14,9.83297,3.45264,5.3699,4.26213,0,0,0,0,3.38103,5.96741,4.15785,1.3479e-05,1.3479e-05,1.3479e-05
15,10.4429,3.41247,6.04524,4.32588,0,0,0,0,3.38119,5.96769,4.15779,1.43509e-05,1.43509e-05,1.43509e-05
16,11.0361,3.19252,5.3559,4.28092,0,0,0,0,3.38136,5.96783,4.15772,1.51993e-05,1.51993e-05,1.51993e-05
17,11.6349,3.20126,5.56786,4.25439,0,0,0,0,3.38152,5.96839,4.15767,1.60241e-05,1.60241e-05,1.60241e-05
18,12.2863,3.31935,5.33392,4.28377,0,0,0,0,3.38152,5.96839,4.15767,1.68253e-05,1.68253e-05,1.68253e-05
19,12.953,3.08786,5.61175,4.32221,0,0,0,0,3.38181,5.96865,4.15757,1.7603e-05,1.7603e-05,1.7603e-05
20,13.6675,3.23634,5.4848,4.25617,0,0,0,0,3.38181,5.96865,4.15757,1.83571e-05,1.83571e-05,1.83571e-05
21,14.2589,3.14338,5.49285,4.33714,0,0,0,0,3.38213,5.96927,4.15747,1.90876e-05,1.90876e-05,1.90876e-05
22,14.8259,2.88351,5.66531,4.25437,0,0,0,0,3.38213,5.96927,4.15747,1.97946e-05,1.97946e-05,1.97946e-05
23,15.4193,3.5678,5.54423,4.19172,0,0,0,0,3.38247,5.96953,4.15739,2.0478e-05,2.0478e-05,2.0478e-05
24,15.9824,3.67248,5.41517,4.33284,0,0,0,0,3.38247,5.96953,4.15739,2.11379e-05,2.11379e-05,2.11379e-05
25,16.5862,3.1526,5.4758,4.30519,0,0,0,0,3.38278,5.97075,4.15734,2.17741e-05,2.17741e-05,2.17741e-05
26,17.1541,3.11393,5.50597,4.23438,0,0,0,0,3.38278,5.97075,4.15734,2.23869e-05,2.23869e-05,2.23869e-05
27,17.748,3.03078,5.53948,4.25766,0,0,0,0,3.38315,5.9716,4.15728,2.2976e-05,2.2976e-05,2.2976e-05
28,18.3442,3.23198,5.31284,4.42149,0,0,0,0,3.38315,5.9716,4.15728,2.35417e-05,2.35417e-05,2.35417e-05
29,18.9398,3.47736,5.62305,4.21642,0,0,0,0,3.38345,5.97205,4.15727,2.40837e-05,2.40837e-05,2.40837e-05
30,19.5045,3.47899,5.41282,4.23015,0,0,0,0,3.38345,5.97205,4.15727,2.46022e-05,2.46022e-05,2.46022e-05
31,20.2015,2.97126,5.3922,4.2544,0,0,0,0,3.38373,5.97274,4.15718,2.50971e-05,2.50971e-05,2.50971e-05
32,20.7702,3.02097,5.52854,4.32245,0,0,0,0,3.38373,5.97274,4.15718,2.55685e-05,2.55685e-05,2.55685e-05
33,21.3651,3.2806,5.34319,4.17855,0,0,0,0,3.38398,5.97314,4.15719,2.60163e-05,2.60163e-05,2.60163e-05
34,21.9683,3.4042,5.54036,4.23807,0,0,0,0,3.38398,5.97314,4.15719,2.64405e-05,2.64405e-05,2.64405e-05
35,22.5755,2.92181,5.3215,4.25139,0,0,0,0,3.38421,5.97362,4.15719,2.68412e-05,2.68412e-05,2.68412e-05
36,23.126,3.29401,5.72513,4.21307,0,0,0,0,3.38421,5.97362,4.15719,2.72183e-05,2.72183e-05,2.72183e-05
37,23.7054,3.08848,5.4725,4.18304,0,0,0,0,3.3844,5.97416,4.15724,2.75718e-05,2.75718e-05,2.75718e-05
38,24.2773,3.14258,5.53094,4.23876,0,0,0,0,3.3844,5.97416,4.15724,2.79018e-05,2.79018e-05,2.79018e-05
39,24.856,3.57289,5.47125,4.20436,0,0,0,0,3.38466,5.97417,4.15719,2.82082e-05,2.82082e-05,2.82082e-05
40,25.4103,2.61051,5.50122,4.25009,0,0,0,0,3.38466,5.97417,4.15719,2.84911e-05,2.84911e-05,2.84911e-05
41,26.0886,3.544,5.53591,4.30406,0,0,0,0,3.38486,5.97456,4.15727,2.87504e-05,2.87504e-05,2.87504e-05
42,26.6634,3.40441,5.59103,4.207,0,0,0,0,3.38486,5.97456,4.15727,2.89861e-05,2.89861e-05,2.89861e-05
43,27.242,2.7816,5.49278,4.34619,0,0,0,0,3.38508,5.9752,4.15738,2.91983e-05,2.91983e-05,2.91983e-05
44,27.7927,3.2133,5.6307,4.30009,0,0,0,0,3.38508,5.9752,4.15738,2.93869e-05,2.93869e-05,2.93869e-05
45,28.4164,3.60941,5.50393,4.22838,0,0,0,0,3.38527,5.97594,4.15753,2.9552e-05,2.9552e-05,2.9552e-05
46,28.9813,2.90543,5.53442,4.23836,0,0,0,0,3.38527,5.97594,4.15753,2.96935e-05,2.96935e-05,2.96935e-05
47,29.5712,2.96843,5.56795,4.26652,0,0,0,0,3.38548,5.97609,4.15771,2.98114e-05,2.98114e-05,2.98114e-05
48,30.1624,3.01282,5.46729,4.23183,0,0,0,0,3.38548,5.97609,4.15771,2.99058e-05,2.99058e-05,2.99058e-05
49,30.7547,3.33926,5.72853,4.21021,0,0,0,0,3.38571,5.97625,4.15797,2.99766e-05,2.99766e-05,2.99766e-05
50,31.3166,3.25919,5.39044,4.18297,0,0,0,0,3.38571,5.97625,4.15797,3.00238e-05,3.00238e-05,3.00238e-05
51,31.9036,2.92376,5.76084,4.25443,0,0,0,0,3.38591,5.97649,4.15814,3.00475e-05,3.00475e-05,3.00475e-05
52,32.4745,3.20772,5.48693,4.19349,0,0,0,0,3.38591,5.97649,4.15814,3.00476e-05,3.00476e-05,3.00476e-05
53,33.1258,3.4365,6.03663,4.23847,0,0,0,0,3.38591,5.97649,4.15814,3.00242e-05,3.00242e-05,3.00242e-05
54,33.7254,3.59514,5.5705,4.27099,0,0,0,0,3.38613,5.97693,4.15853,2.99772e-05,2.99772e-05,2.99772e-05
55,34.2902,3.1196,5.78667,4.26421,0,0,0,0,3.38613,5.97693,4.15853,2.99066e-05,2.99066e-05,2.99066e-05
56,34.8524,3.54496,5.49072,4.20845,0,0,0,0,3.38613,5.97693,4.15853,2.98125e-05,2.98125e-05,2.98125e-05
57,35.4535,2.97349,5.54253,4.21565,0,0,0,0,3.38635,5.97722,4.15896,2.96948e-05,2.96948e-05,2.96948e-05
58,36.0147,2.95857,5.50717,4.1842,0,0,0,0,3.38635,5.97722,4.15896,2.95535e-05,2.95535e-05,2.95535e-05
59,36.5776,2.79611,5.46927,4.21557,0,0,0,0,3.38635,5.97722,4.15896,2.93887e-05,2.93887e-05,2.93887e-05
60,37.1875,3.03211,5.50988,4.36725,0,0,0,0,3.38653,5.97737,4.15943,2.92003e-05,2.92003e-05,2.92003e-05
61,37.7701,3.30125,5.58506,4.24449,0,0,0,0,3.38653,5.97737,4.15943,2.89884e-05,2.89884e-05,2.89884e-05
62,38.46,3.49107,5.59667,4.25799,0,0,0,0,3.38653,5.97737,4.15943,2.87529e-05,2.87529e-05,2.87529e-05
63,39.0691,3.35011,5.50472,4.24562,0,0,0,0,3.38679,5.9781,4.15999,2.84938e-05,2.84938e-05,2.84938e-05
64,39.6835,3.36877,5.42342,4.23831,0,0,0,0,3.38679,5.9781,4.15999,2.82112e-05,2.82112e-05,2.82112e-05
65,40.2823,2.87,5.58101,4.26008,0,0,0,0,3.38679,5.9781,4.15999,2.7905e-05,2.7905e-05,2.7905e-05
66,40.8782,3.3229,5.74664,4.2155,0,0,0,0,3.38695,5.97781,4.16053,2.75753e-05,2.75753e-05,2.75753e-05
67,41.4522,3.42411,5.30657,4.25775,0,0,0,0,3.38695,5.97781,4.16053,2.7222e-05,2.7222e-05,2.7222e-05
68,42.0875,3.3112,5.44051,4.23622,0,0,0,0,3.38695,5.97781,4.16053,2.68451e-05,2.68451e-05,2.68451e-05
69,42.7722,3.06184,5.75175,4.19163,0,0,0,0,3.3871,5.97743,4.16109,2.64447e-05,2.64447e-05,2.64447e-05
70,43.4322,3.56174,5.70247,4.30363,0,0,0,0,3.3871,5.97743,4.16109,2.60207e-05,2.60207e-05,2.60207e-05
71,44.0811,3.35678,5.61146,4.27566,0,0,0,0,3.3871,5.97743,4.16109,2.55731e-05,2.55731e-05,2.55731e-05
72,44.8332,3.16881,5.55986,4.28401,0,0,0,0,3.38725,5.97714,4.16168,2.5102e-05,2.5102e-05,2.5102e-05
73,45.4695,2.82745,5.51604,4.28197,0,0,0,0,3.38725,5.97714,4.16168,2.46073e-05,2.46073e-05,2.46073e-05
74,46.1169,3.24255,5.39364,4.2727,0,0,0,0,3.38725,5.97714,4.16168,2.40891e-05,2.40891e-05,2.40891e-05
75,46.8232,3.10459,5.72017,4.19875,0,0,0,0,3.38743,5.97723,4.1624,2.35472e-05,2.35472e-05,2.35472e-05
76,47.4972,3.36409,5.51019,4.27782,0,0,0,0,3.38743,5.97723,4.1624,2.29819e-05,2.29819e-05,2.29819e-05
77,48.1131,3.36712,5.37313,4.23229,0,0,0,0,3.38743,5.97723,4.1624,2.23929e-05,2.23929e-05,2.23929e-05
78,48.7587,2.87635,5.43435,4.25365,0,0,0,0,3.3876,5.97711,4.16307,2.17805e-05,2.17805e-05,2.17805e-05
79,49.3913,3.21345,5.4694,4.18771,0,0,0,0,3.3876,5.97711,4.16307,2.11444e-05,2.11444e-05,2.11444e-05
80,50.0374,3.75526,5.6115,4.29826,0,0,0,0,3.3876,5.97711,4.16307,2.04848e-05,2.04848e-05,2.04848e-05
81,51.1877,2.84337,5.54874,4.19007,0,0,0,0,3.38782,5.97697,4.16383,1.98016e-05,1.98016e-05,1.98016e-05
82,52.7901,3.11131,5.53967,4.20729,0,0,0,0,3.38782,5.97697,4.16383,1.90949e-05,1.90949e-05,1.90949e-05
83,53.5383,3.05104,5.45546,4.24345,0,0,0,0,3.38782,5.97697,4.16383,1.83646e-05,1.83646e-05,1.83646e-05
84,54.2885,3.14005,5.52106,4.23411,0,0,0,0,3.38801,5.97695,4.16451,1.76107e-05,1.76107e-05,1.76107e-05
85,54.888,3.41,5.46336,4.25806,0,0,0,0,3.38801,5.97695,4.16451,1.68333e-05,1.68333e-05,1.68333e-05
86,55.5015,3.59051,5.46409,4.2516,0,0,0,0,3.38801,5.97695,4.16451,1.60323e-05,1.60323e-05,1.60323e-05
87,56.1033,2.81505,5.2855,4.22815,0,0,0,0,3.38801,5.97695,4.16451,1.52077e-05,1.52077e-05,1.52077e-05
88,56.7564,2.92673,5.90163,4.2626,0,0,0,0,3.38809,5.97698,4.16604,1.43596e-05,1.43596e-05,1.43596e-05
89,57.4053,2.80863,5.51475,4.31864,0,0,0,0,3.38809,5.97698,4.16604,1.34879e-05,1.34879e-05,1.34879e-05
90,58.0438,2.82853,5.52072,4.28914,0,0,0,0,3.38809,5.97698,4.16604,1.25927e-05,1.25927e-05,1.25927e-05
91,58.6639,2.6943,5.63275,4.21791,0,0,0,0,3.38809,5.97698,4.16604,1.16739e-05,1.16739e-05,1.16739e-05
92,59.3018,2.96634,5.48623,4.24484,0,0,0,0,3.3881,5.9769,4.16692,1.07315e-05,1.07315e-05,1.07315e-05
93,60.0731,2.84497,5.55948,4.23541,0,0,0,0,3.3881,5.9769,4.16692,9.76562e-06,9.76562e-06,9.76562e-06
94,60.7024,2.8908,5.7522,4.25158,0,0,0,0,3.3881,5.9769,4.16692,8.77613e-06,8.77613e-06,8.77613e-06
95,61.3351,3.1261,5.60983,4.1673,0,0,0,0,3.3881,5.9769,4.16692,7.76308e-06,7.76308e-06,7.76308e-06
96,61.9848,3.05942,5.57121,4.20965,0,0,0,0,3.3881,5.97703,4.16774,6.72648e-06,6.72648e-06,6.72648e-06
97,62.5863,3.02106,5.79521,4.27198,0,0,0,0,3.3881,5.97703,4.16774,5.6663e-06,5.6663e-06,5.6663e-06
98,63.2389,2.91704,5.51231,4.20692,0,0,0,0,3.3881,5.97703,4.16774,4.58257e-06,4.58257e-06,4.58257e-06
99,63.8659,2.90893,5.64957,4.21959,0,0,0,0,3.3881,5.97703,4.16774,3.47528e-06,3.47528e-06,3.47528e-06
100,64.481,3.00711,5.66294,4.26598,0,0,0,0,3.38811,5.97726,4.16838,2.34442e-06,2.34442e-06,2.34442e-06
