-- 1. natural_person (Физические лица)
INSERT INTO natural_person (natural_person_passport, natural_person_name, natural_person_phone, natural_person_email, natural_person_address) VALUES
(123456789, 'Иванов Алексей Петрович', '+79261112233', 'ivanov.ap@email.com', 'Москва, ул. Лесная, д.15, кв.23'),
(123456790, 'Петрова Ольга Сергеевна', '+79267778899', 'petrova.os@email.com', 'Санкт-Петербург, пр. Невский, д.45, кв.12'),
(123456791, 'Сидоров Иван Михайлович', '+79263334455', 'sidorov.im@email.com', 'Екатеринбург, ул. Мира, д.10, кв.5'),
(123456792, 'Кузнецова Марина Викторовна', '+79269991122', 'kuznetsova.mv@email.com', 'Новосибирск, ул. Горская, д.20, кв.31'),
(123456793, 'Морозов Дмитрий Александрович', '+79265556677', 'morozov.da@email.com', 'Казань, ул. Баумана, д.25, кв.8');

-- 2. legal_person (Юридические лица)
INSERT INTO legal_person (legal_person_inn, legal_person_name, legal_person_phone, legal_person_email, legal_person_address) VALUES
('7701234567', 'ООО Мебельный Стиль', '+74951234567', 'style@mebel.ru', 'Москва, ул. Производственная, д.11'),
('7801234567', 'ЗАО Комфорт Дом', '+78123456789', 'comfort@dom.ru', 'Санкт-Петербург, ул. Промышленная, д.25'),
('6601234567', 'ООО Уютный Офис', '+73431234567', 'office@yut.ru', 'Екатеринбург, ул. Техническая, д.32'),
('5401234567', 'ООО Домашний Интерьер', '+73831234567', 'interior@home.ru', 'Новосибирск, ул. Фабричная, д.15'),
('1601234567', 'ООО Казанский Мебельщик', '+78431234567', 'kazan@mebel.ru', 'Казань, ул. Производственная, д.8');

-- 3. provider (Поставщики)
INSERT INTO provider (provider_inn, provider_name, provider_address) VALUES
('7709876543', 'ООО ЛесПром', 'Москва, ул. Заводская, д.5'),
('7809876543', 'ООО МеталлДизайн', 'Санкт-Петербург, ул. Индустриальная, д.10'),
('6609876543', 'ООО ДревМатериал', 'Екатеринбург, ул. Лесопильная, д.15'),
('5409876543', 'ООО Фурнитура Плюс', 'Новосибирск, ул. Станционная, д.20'),
('1609876543', 'ООО ПлитТорг', 'Казань, ул. Техническая, д.25');

-- 4. material (Материалы)
INSERT INTO material (material_colour, material_name, material_type, material_quantity, provider_inn, material_cost) VALUES
('Дуб', 'ДСП ламинированная', 'Плита', 150, '7709876543', 1800.00),
('Белый', 'МДФ крашеный', 'Плита', 100, '7709876543', 2500.50),
('Венге', 'ЛДСП', 'Плита', 120, '6609876543', 1950.75),
('Серый', 'Фанера', 'Лист', 80, '5409876543', 1200.30),
('Бук', 'Массив', 'Доска', 50, '1609876543', 3500.00);

-- 5. accessories (Аксессуары)
INSERT INTO accessories (accessories_name, accessories_colour, accessories_type, accessories_quantity, provider_inn, accessories_cost) VALUES
('Ручка-скоба', 'Хром', 'Фурнитура', 300, '7809876543', 180.50),
('Петля накладная', 'Никель', 'Фурнитура', 250, '7809876543', 95.20),
('Направляющие', 'Белый', 'Механизм', 200, '5409876543', 450.80),
('Ножка регулируемая', 'Черный', 'Опоры', 400, '6609876543', 75.30),
('Кромка ПВХ', 'Дуб', 'Отделка', 1000, '1609876543', 25.10);

-- 6. furniture (Мебель)
INSERT INTO furniture (furniture_colour, furniture_article, id_material, furniture_type, furniture_size, furniture_name, id_accessories) VALUES
('Дуб', 1001, 1, 'Шкаф', 220.50, 'Шкаф-купе Гармония', 1),
('Белый', 1002, 2, 'Стол', 120.00, 'Стол письменный Офис', 2),
('Венге', 1003, 3, 'Кровать', 200.00, 'Кровать двуспальная Сон', 3),
('Серый', 1004, 4, 'Полка', 80.50, 'Полка навесная Лайт', 4),
('Бук', 1005, 5, 'Комод', 90.75, 'Комод Престиж', 5);

-- 7. orders (Заказы)
INSERT INTO orders (orders_registration_date, orders_total_cost, order_number, category_customer, orders_status, customer_id) VALUES
('2025-03-10', 45000.00, 2001, 'Физ. лицо', 'Выполнен', 1),
('2025-03-12', 125000.00, 2002, 'Юр. лицо', 'В обработке', 1),
('2025-03-15', 78000.00, 2003, 'Физ. лицо', 'Подтвержден', 2),
('2025-03-17', 230000.00, 2004, 'Юр. лицо', 'Доставлен', 2),
('2025-03-18', 35000.00, 2005, 'Физ. лицо', 'В обработке', 3),
('2025-03-19', 180000.00, 2006, 'Юр. лицо', 'Подтвержден', 3);

-- 8. waybill (Накладные)
INSERT INTO waybill (waybill_number, article_furniture, furniture_quantity, orders_number) VALUES
(3001, 1001, 1, 2001),
(3002, 1002, 2, 2002),
(3003, 1003, 1, 2003),
(3004, 1004, 3, 2004),
(3005, 1005, 1, 2005),
(3006, 1001, 2, 2006);

-- 9. users (Пользователи)
INSERT INTO users (username, password) VALUES ('admin', '12345');