id,x,y,w,h,score,area,energy,mask_file,crop
0,0,691,793,65,0.04512385762380336,37525,0.2023121387283237,2_mask_000.png,2_crop_000.jpg
1,0,0,1100,674,0.45747715247660237,380438,0.204739336492891,2_mask_001.png,2_crop_001.jpg
2,0,0,1100,682,0.5760630110623184,479054,0.21218961625282168,2_mask_002.png,2_crop_002.jpg
3,635,688,465,68,0.028231120731086783,23477,0.21666666666666667,2_mask_003.png,2_crop_003.jpg
4,0,0,1100,682,0.5519985569978932,459042,0.2246971473231731,2_mask_004.png,2_crop_004.jpg
5,0,0,1100,682,0.5220791245784968,434161,0.2260760551608859,2_mask_005.png,2_crop_005.jpg
6,648,688,452,68,0.024727032227002493,20563,0.23076923076923078,2_mask_006.png,2_crop_006.jpg
7,562,688,538,68,0.02992183742180144,24883,0.234375,2_mask_007.png,2_crop_007.jpg
8,0,693,1100,63,0.060857383357310176,50609,0.2420091324200913,2_mask_008.png,2_crop_008.jpg
9,562,695,538,61,0.02942640692637154,24471,0.24324324324324326,2_mask_009.png,2_crop_009.jpg
10,0,694,760,62,0.03940596440591702,32770,0.2517985611510791,2_mask_010.png,2_crop_010.jpg
11,196,692,904,64,0.04902837902832007,40772,0.2562814070351759,2_mask_011.png,2_crop_011.jpg
12,0,694,662,62,0.03341630591626573,27789,0.25862068965517243,2_mask_012.png,2_crop_012.jpg
13,701,695,399,61,0.021743626743600596,18082,0.275,2_mask_013.png,2_crop_013.jpg
14,852,698,248,58,0.012617845117829945,10493,0.28,2_mask_014.png,2_crop_014.jpg
15,196,693,597,63,0.02879148629145167,23943,0.2833333333333333,2_mask_015.png,2_crop_015.jpg
16,635,695,465,61,0.025247715247684887,20996,0.2916666666666667,2_mask_016.png,2_crop_016.jpg
17,433,0,667,307,0.1293253968252413,107547,0.30103806228373703,2_mask_017.png,2_crop_017.jpg
18,0,0,1100,674,0.4137457912452937,344071,0.309452736318408,2_mask_018.png,2_crop_018.jpg
19,196,693,882,63,0.04299422799417629,35754,0.3170731707317073,2_mask_019.png,2_crop_019.jpg
20,0,698,570,58,0.027851130351096858,23161,0.32558139534883723,2_mask_020.png,2_crop_020.jpg
21,0,0,1100,534,0.20576238576213834,171112,0.3258426966292135,2_mask_021.png,2_crop_021.jpg
22,0,35,83,261,0.018240740740718808,15169,0.3333333333333333,2_mask_022.png,2_crop_022.jpg
23,635,688,465,68,0.02311327561324782,19221,0.3333333333333333,2_mask_023.png,2_crop_023.jpg
24,218,698,575,58,0.025161135161104905,20924,0.3473684210526316,2_mask_024.png,2_crop_024.jpg
25,562,699,538,57,0.025503848003817334,21209,0.3488372093023256,2_mask_025.png,2_crop_025.jpg
26,119,33,647,572,0.09260942760931624,77014,0.3568281938325991,2_mask_026.png,2_crop_026.jpg
27,0,321,1100,361,0.202469937469694,168374,0.35984095427435386,2_mask_027.png,2_crop_027.jpg
28,196,692,882,64,0.04004930254925439,33305,0.3609467455621302,2_mask_028.png,2_crop_028.jpg
29,119,15,647,630,0.10382275132262647,86339,0.36153846153846153,2_mask_029.png,2_crop_029.jpg
30,119,33,647,572,0.08274050024040075,68807,0.3702770780856423,2_mask_030.png,2_crop_030.jpg
31,648,688,452,68,0.019488936988913554,16207,0.3707865168539326,2_mask_031.png,2_crop_031.jpg
32,0,386,233,254,0.0251743626743324,20935,0.3793103448275862,2_mask_032.png,2_crop_032.jpg
33,119,15,981,541,0.14286796536779356,118809,0.38011695906432746,2_mask_033.png,2_crop_033.jpg
34,30,0,1070,556,0.14629389129371537,121658,0.382183908045977,2_mask_034.png,2_crop_034.jpg
35,119,15,937,541,0.13594276094259747,113050,0.38323353293413176,2_mask_035.png,2_crop_035.jpg
36,30,0,609,556,0.09173160173149142,76284,0.38461538461538464,2_mask_036.png,2_crop_036.jpg
37,483,0,327,59,0.010685425685412836,8886,0.38461538461538464,2_mask_037.png,2_crop_037.jpg
38,30,0,1070,556,0.1361736411734774,113242,0.39035769828926903,2_mask_038.png,2_crop_038.jpg
39,30,0,642,534,0.0879401154400097,73131,0.3905191873589165,2_mask_039.png,2_crop_039.jpg
40,414,352,686,330,0.11343554593540953,94333,0.3906810035842294,2_mask_040.png,2_crop_040.jpg
41,467,0,633,303,0.10897186147173044,90621,0.3907563025210084,2_mask_041.png,2_crop_041.jpg
42,119,10,981,546,0.13596801346784995,113071,0.3950617283950617,2_mask_042.png,2_crop_042.jpg
43,196,693,597,63,0.023465608465580247,19514,0.39622641509433965,2_mask_043.png,2_crop_043.jpg
44,304,325,206,321,0.03296536796532833,27414,0.4064516129032258,2_mask_044.png,2_crop_044.jpg
45,18,544,154,107,0.010639730639717845,8848,0.4090909090909091,2_mask_045.png,2_crop_045.jpg
46,635,695,465,61,0.02154160654158064,17914,0.4117647058823529,2_mask_046.png,2_crop_046.jpg
47,546,466,131,278,0.019963924963900957,16602,0.4117647058823529,2_mask_047.png,2_crop_047.jpg
48,635,695,465,61,0.019912217412193466,16559,0.41304347826086957,2_mask_048.png,2_crop_048.jpg
49,648,688,452,68,0.016729196729176613,13912,0.41304347826086957,2_mask_049.png,2_crop_049.jpg
50,119,10,981,672,0.1437385762384034,119533,0.41388888888888886,2_mask_050.png,2_crop_050.jpg
51,270,282,407,469,0.0676659451658638,56271,0.4143302180685358,2_mask_051.png,2_crop_051.jpg
52,551,519,126,225,0.018245550745528805,15173,0.4146341463414634,2_mask_052.png,2_crop_052.jpg
53,145,33,621,572,0.076547619047527,63657,0.4155495978552279,2_mask_053.png,2_crop_053.jpg
54,30,0,600,524,0.08314093314083316,69140,0.41605839416058393,2_mask_054.png,2_crop_054.jpg
55,635,688,465,68,0.019227994227971106,15990,0.4166666666666667,2_mask_055.png,2_crop_055.jpg
56,30,0,600,524,0.07979557479547884,66358,0.41708542713567837,2_mask_056.png,2_crop_056.jpg
57,30,0,609,556,0.07908249158239648,65765,0.417910447761194,2_mask_057.png,2_crop_057.jpg
58,119,15,647,630,0.09542328042316568,79354,0.4180327868852459,2_mask_058.png,2_crop_058.jpg
59,119,15,937,630,0.13753006252989716,114370,0.41839762611275966,2_mask_059.png,2_crop_059.jpg
60,876,31,180,233,0.020272967772943396,16859,0.41935483870967744,2_mask_060.png,2_crop_060.jpg
61,47,0,1053,693,0.25509139009108334,212134,0.4199346405228758,2_mask_061.png,2_crop_061.jpg
62,30,0,570,346,0.0775156325155393,64462,0.42105263157894735,2_mask_062.png,2_crop_062.jpg
63,30,0,570,264,0.047184944684887944,39239,0.4224137931034483,2_mask_063.png,2_crop_063.jpg
64,318,361,113,175,0.011428571428557686,9504,0.4230769230769231,2_mask_064.png,2_crop_064.jpg
65,30,0,570,329,0.06575036075028169,54678,0.42507645259938837,2_mask_065.png,2_crop_065.jpg
66,648,686,452,70,0.016024531024511755,13326,0.425531914893617,2_mask_066.png,2_crop_066.jpg
67,551,519,126,232,0.021367243867218173,17769,0.425531914893617,2_mask_067.png,2_crop_067.jpg
68,166,48,600,276,0.050577200577139755,42060,0.42616033755274263,2_mask_068.png,2_crop_068.jpg
69,119,15,647,541,0.0799879749878788,66518,0.42788461538461536,2_mask_069.png,2_crop_069.jpg
70,552,519,125,228,0.01734247234245149,14422,0.42857142857142855,2_mask_070.png,2_crop_070.jpg
71,30,0,570,324,0.058584656084585636,48719,0.42955326460481097,2_mask_071.png,2_crop_071.jpg
72,467,0,530,300,0.08014430014420378,66648,0.43202416918429004,2_mask_072.png,2_crop_072.jpg
73,95,0,250,130,0.014746272246254515,12263,0.43283582089552236,2_mask_073.png,2_crop_073.jpg
74,30,0,1070,682,0.1447426647424907,120368,0.43532684283727396,2_mask_074.png,2_crop_074.jpg
75,119,33,647,523,0.07074314574306068,58830,0.436046511627907,2_mask_075.png,2_crop_075.jpg
76,635,699,465,57,0.02132515632513068,17734,0.43661971830985913,2_mask_076.png,2_crop_076.jpg
77,0,0,1100,693,0.27884559884526355,231888,0.4372163388804841,2_mask_077.png,2_crop_077.jpg
78,30,0,1070,524,0.1352116402114776,112442,0.43788819875776397,2_mask_078.png,2_crop_078.jpg
79,30,0,1070,682,0.15713564213545317,130674,0.43828715365239296,2_mask_079.png,2_crop_079.jpg
80,30,0,343,187,0.025923520923489752,21558,0.44,2_mask_080.png,2_crop_080.jpg
81,119,10,981,412,0.12721741221725924,105794,0.4407894736842105,2_mask_081.png,2_crop_081.jpg
82,119,48,647,340,0.06113876863869512,50843,0.44086021505376344,2_mask_082.png,2_crop_082.jpg
83,453,0,357,59,0.010236892736880427,8513,0.4418604651162791,2_mask_083.png,2_crop_083.jpg
84,318,325,192,218,0.022638287638260417,18826,0.44329896907216493,2_mask_084.png,2_crop_084.jpg
85,30,0,1070,682,0.15943001442982271,132582,0.44360902255639095,2_mask_085.png,2_crop_085.jpg
86,145,15,494,541,0.06830928330920116,56806,0.4438202247191011,2_mask_086.png,2_crop_086.jpg
87,802,703,249,53,0.011237373737360225,9345,0.4444444444444444,2_mask_087.png,2_crop_087.jpg
88,657,670,443,34,0.012074314574300055,10041,0.4444444444444444,2_mask_088.png,2_crop_088.jpg
89,30,0,570,330,0.056758056757988506,47200,0.44483985765124556,2_mask_089.png,2_crop_089.jpg
90,292,15,808,541,0.103662818662694,86206,0.4448979591836735,2_mask_090.png,2_crop_090.jpg
91,30,0,570,241,0.04316378066372876,35895,0.44493392070484583,2_mask_091.png,2_crop_091.jpg
92,635,695,465,61,0.020030062530038445,16657,0.4457831325301205,2_mask_092.png,2_crop_092.jpg
93,30,0,570,264,0.044019961519908585,36607,0.4460093896713615,2_mask_093.png,2_crop_093.jpg
94,196,48,570,340,0.051606541606479546,42916,0.4462809917355372,2_mask_094.png,2_crop_094.jpg
95,30,0,570,329,0.06138287638280257,51046,0.44666666666666666,2_mask_095.png,2_crop_095.jpg
96,30,0,570,329,0.05806277056270074,48285,0.4489795918367347,2_mask_096.png,2_crop_096.jpg
97,30,0,570,264,0.04834656084650271,40205,0.4493927125506073,2_mask_097.png,2_crop_097.jpg
98,289,349,190,257,0.021115921115895723,17560,0.44954128440366975,2_mask_098.png,2_crop_098.jpg
99,145,48,621,557,0.06842833092824864,56905,0.44970414201183434,2_mask_099.png,2_crop_099.jpg
100,802,703,276,53,0.012651515151499938,10521,0.45,2_mask_100.png,2_crop_100.jpg
101,624,31,432,233,0.03772847522842986,31375,0.4502923976608187,2_mask_101.png,2_crop_101.jpg
102,292,15,808,407,0.09919552669540742,82491,0.45188284518828453,2_mask_102.png,2_crop_102.jpg
103,145,15,472,630,0.07464285714276739,62073,0.453125,2_mask_103.png,2_crop_103.jpg
104,166,48,600,557,0.06403679653671954,53253,0.45394736842105265,2_mask_104.png,2_crop_104.jpg
105,145,33,621,523,0.06855459355451111,57010,0.45403899721448465,2_mask_105.png,2_crop_105.jpg
106,292,115,325,441,0.04119648869643916,34259,0.45539906103286387,2_mask_106.png,2_crop_106.jpg
107,30,0,570,422,0.07340428090419264,61043,0.45555555555555555,2_mask_107.png,2_crop_107.jpg
108,30,0,570,422,0.08063371813362118,67055,0.4572127139364303,2_mask_108.png,2_crop_108.jpg
109,289,349,225,231,0.02449254449251504,20368,0.4576271186440678,2_mask_109.png,2_crop_109.jpg
110,304,349,190,231,0.022841510341482876,18995,0.45794392523364486,2_mask_110.png,2_crop_110.jpg
111,304,349,190,199,0.02079966329963829,17297,0.4583333333333333,2_mask_111.png,2_crop_111.jpg
112,119,15,498,509,0.06755291005282882,56177,0.4588235294117647,2_mask_112.png,2_crop_112.jpg
113,624,15,476,284,0.054348244348178996,45196,0.4605809128630705,2_mask_113.png,2_crop_113.jpg
114,770,335,330,168,0.023917748917720156,19890,0.4608695652173913,2_mask_114.png,2_crop_114.jpg
115,145,15,472,509,0.059146224146153024,49186,0.46229508196721314,2_mask_115.png,2_crop_115.jpg
116,145,33,472,523,0.058125300625230726,48337,0.46258503401360546,2_mask_116.png,2_crop_116.jpg
117,198,669,373,38,0.010132275132262948,8426,0.4626865671641791,2_mask_117.png,2_crop_117.jpg
118,157,480,158,164,0.011760461760447618,9780,0.4642857142857143,2_mask_118.png,2_crop_118.jpg
119,546,553,131,187,0.013434343434327279,11172,0.4642857142857143,2_mask_119.png,2_crop_119.jpg
120,292,115,474,441,0.047978595478537785,39899,0.4645669291338583,2_mask_120.png,2_crop_120.jpg
121,218,698,575,58,0.02092231842229326,17399,0.46511627906976744,2_mask_121.png,2_crop_121.jpg
122,0,544,177,126,0.012976190476174872,10791,0.4666666666666667,2_mask_122.png,2_crop_122.jpg
123,0,343,351,303,0.044612794612740966,37100,0.47085201793721976,2_mask_123.png,2_crop_123.jpg
124,30,0,570,264,0.04189033189028152,34836,0.472636815920398,2_mask_124.png,2_crop_124.jpg
125,30,0,570,422,0.06384078884071206,53090,0.474025974025974,2_mask_125.png,2_crop_125.jpg
126,119,31,918,525,0.1075937950936657,89475,0.47470817120622566,2_mask_126.png,2_crop_126.jpg
127,641,132,245,167,0.025069745069714922,20848,0.475,2_mask_127.png,2_crop_127.jpg
128,30,0,315,130,0.01667869167867162,13870,0.475,2_mask_128.png,2_crop_128.jpg
129,30,0,600,524,0.0696368446367609,57910,0.4757834757834758,2_mask_129.png,2_crop_129.jpg
130,30,0,737,589,0.08424362674352544,70057,0.47619047619047616,2_mask_130.png,2_crop_130.jpg
131,624,15,476,284,0.056272246272178604,46796,0.47619047619047616,2_mask_131.png,2_crop_131.jpg
132,145,15,485,509,0.06302910052902473,52415,0.4785276073619632,2_mask_132.png,2_crop_132.jpg
133,672,489,428,183,0.025317460317429874,21054,0.4796747967479675,2_mask_133.png,2_crop_133.jpg
134,30,0,737,589,0.0775276575275643,64472,0.48,2_mask_134.png,2_crop_134.jpg
135,30,0,570,322,0.05725589225582341,47614,0.4807017543859649,2_mask_135.png,2_crop_135.jpg
136,433,7,466,163,0.023025493025465336,19148,0.48091603053435117,2_mask_136.png,2_crop_136.jpg
137,292,115,325,409,0.03584295334291024,29807,0.48148148148148145,2_mask_137.png,2_crop_137.jpg
138,624,31,432,268,0.0419721019720515,34904,0.48148148148148145,2_mask_138.png,2_crop_138.jpg
139,95,0,250,264,0.021314333814308185,17725,0.4838709677419355,2_mask_139.png,2_crop_139.jpg
140,453,0,357,59,0.010388407888395396,8639,0.48717948717948717,2_mask_140.png,2_crop_140.jpg
141,30,0,570,322,0.05263107263100934,43768,0.49034749034749037,2_mask_141.png,2_crop_141.jpg
142,818,493,166,135,0.010490620490607876,8724,0.4909090909090909,2_mask_142.png,2_crop_142.jpg
143,870,493,137,148,0.010431697931685387,8675,0.4909090909090909,2_mask_143.png,2_crop_143.jpg
144,318,349,184,194,0.018751803751781204,15594,0.4936708860759494,2_mask_144.png,2_crop_144.jpg
145,30,0,570,422,0.0735786435785551,61188,0.4957983193277311,2_mask_145.png,2_crop_145.jpg
146,30,0,570,241,0.034147426647385584,28397,0.49707602339181284,2_mask_146.png,2_crop_146.jpg
147,30,0,570,241,0.03649110149105761,30346,0.4973821989528796,2_mask_147.png,2_crop_147.jpg
148,624,15,476,284,0.04779220779215032,39744,0.4977578475336323,2_mask_148.png,2_crop_148.jpg
149,145,15,472,407,0.052426647426584386,43598,0.5,2_mask_149.png,2_crop_149.jpg
150,95,0,243,130,0.012982202982187371,10796,0.5,2_mask_150.png,2_crop_150.jpg
151,552,519,125,225,0.016919191919171572,14070,0.5,2_mask_151.png,2_crop_151.jpg
152,18,544,159,107,0.010935545935532786,9094,0.5,2_mask_152.png,2_crop_152.jpg
153,433,7,469,173,0.026381673881642156,21939,0.5035460992907801,2_mask_153.png,2_crop_153.jpg
154,145,10,485,514,0.054939874939808876,45688,0.5035460992907801,2_mask_154.png,2_crop_154.jpg
155,292,115,474,441,0.043020683020631285,35776,0.5042735042735043,2_mask_155.png,2_crop_155.jpg
156,0,682,559,61,0.012865560365544895,10699,0.5051546391752577,2_mask_156.png,2_crop_156.jpg
157,196,693,597,63,0.01960918710916353,16307,0.5053763440860215,2_mask_157.png,2_crop_157.jpg
158,30,0,570,322,0.05401515151508656,44919,0.5054545454545455,2_mask_158.png,2_crop_158.jpg
159,292,115,325,409,0.03588744588740273,29844,0.5054945054945055,2_mask_159.png,2_crop_159.jpg
160,0,409,233,245,0.021418951418925664,17812,0.5056179775280899,2_mask_160.png,2_crop_160.jpg
161,318,115,299,409,0.030874218374181247,25675,0.5063291139240507,2_mask_161.png,2_crop_161.jpg
162,145,33,621,523,0.06066137566130272,50446,0.5063291139240507,2_mask_162.png,2_crop_162.jpg
163,323,40,277,143,0.013745791245774717,11431,0.5068493150684932,2_mask_163.png,2_crop_163.jpg
164,770,335,330,109,0.014009139009122163,11650,0.5068493150684932,2_mask_164.png,2_crop_164.jpg
165,30,0,570,264,0.04167388167383156,34656,0.5071090047393365,2_mask_165.png,2_crop_165.jpg
166,624,31,476,268,0.04572390572385074,38024,0.5072463768115942,2_mask_166.png,2_crop_166.jpg
167,95,0,266,130,0.014923039923021977,12410,0.5076923076923077,2_mask_167.png,2_crop_167.jpg
168,318,115,299,409,0.03096079846076123,25747,0.5094339622641509,2_mask_168.png,2_crop_168.jpg
169,269,115,497,441,0.046275853775798126,38483,0.5100401606425703,2_mask_169.png,2_crop_169.jpg
170,624,6,428,134,0.016853054353034087,14015,0.5102040816326531,2_mask_170.png,2_crop_170.jpg
171,30,0,544,322,0.04908489658483756,40819,0.5103734439834025,2_mask_171.png,2_crop_171.jpg
172,0,386,233,254,0.021214526214500703,17642,0.5106382978723404,2_mask_172.png,2_crop_172.jpg
173,30,0,570,264,0.04304112554107378,35793,0.5117370892018779,2_mask_173.png,2_crop_173.jpg
174,166,48,360,274,0.025293410293379878,21034,0.5121951219512195,2_mask_174.png,2_crop_174.jpg
175,638,31,399,233,0.03026094276090637,25165,0.5126050420168067,2_mask_175.png,2_crop_175.jpg
176,624,32,225,167,0.014581529581512048,12126,0.5135135135135135,2_mask_176.png,2_crop_176.jpg
177,289,349,190,257,0.018647186147163725,15507,0.5151515151515151,2_mask_177.png,2_crop_177.jpg
178,552,519,125,225,0.012407407407392487,10318,0.5185185185185185,2_mask_178.png,2_crop_178.jpg
179,770,347,329,156,0.020364357864333375,16935,0.52,2_mask_179.png,2_crop_179.jpg
180,648,688,452,68,0.014644059644042034,12178,0.52,2_mask_180.png,2_crop_180.jpg
181,202,443,475,301,0.031240981240943672,25980,0.52,2_mask_181.png,2_crop_181.jpg
182,509,30,208,241,0.01550505050503186,12894,0.5211267605633803,2_mask_182.png,2_crop_182.jpg
183,30,0,570,322,0.04962602212596245,41269,0.5219123505976095,2_mask_183.png,2_crop_183.jpg
184,701,695,399,61,0.014702982202964522,12227,0.5223880597014925,2_mask_184.png,2_crop_184.jpg
185,831,396,168,226,0.014404761904744583,11979,0.5238095238095238,2_mask_185.png,2_crop_185.jpg
186,433,6,619,174,0.0306228956228588,25466,0.5238095238095238,2_mask_186.png,2_crop_186.jpg
187,304,349,175,257,0.01955026455024104,16258,0.5257731958762887,2_mask_187.png,2_crop_187.jpg
188,30,0,315,130,0.014749879749862013,12266,0.5263157894736842,2_mask_188.png,2_crop_188.jpg
189,235,361,196,197,0.014294131794114606,11887,0.5263157894736842,2_mask_189.png,2_crop_189.jpg
190,758,335,342,109,0.013564213564197253,11280,0.5263157894736842,2_mask_190.png,2_crop_190.jpg
191,672,581,383,91,0.01703823953821905,14169,0.5268817204301075,2_mask_191.png,2_crop_191.jpg
192,145,33,621,523,0.056748436748368505,47192,0.5273972602739726,2_mask_192.png,2_crop_192.jpg
193,539,295,561,42,0.016673881673861624,13866,0.5277777777777778,2_mask_193.png,2_crop_193.jpg
194,318,296,192,247,0.020943963443938257,17417,0.5283018867924528,2_mask_194.png,2_crop_194.jpg
195,30,0,613,492,0.06520803270795429,54227,0.5294117647058824,2_mask_195.png,2_crop_195.jpg
196,641,132,245,167,0.02137205387202817,17773,0.5294117647058824,2_mask_196.png,2_crop_196.jpg
197,0,409,233,231,0.018536556036533747,15415,0.5308641975308642,2_mask_197.png,2_crop_197.jpg
198,304,349,175,199,0.017178932178911522,14286,0.5324675324675324,2_mask_198.png,2_crop_198.jpg
199,157,532,193,150,0.010529100529087869,8756,0.5333333333333333,2_mask_199.png,2_crop_199.jpg
